Kode_Lokasi,Nama_Lokasi,Area,Lat,Lon,C1_Aksesibilitas,C2_Kepadatan_Penduduk,C3_Infrastruktur,C4_Kompetitor,C5_Biaya_Sewa,C6_Demografi_Usia_Produktif,C7_Kedekatan_POI,Skor_SAW,Rank_SAW,Skor_TOPSIS,Rank_TOPSIS,Vektor_S_WP,Skor_WP,Rank_WP
K001,Kandidat 1 (Jl. Basuki Rahmat #1),Jl. Basuki Rahmat,-6.886351,112.019504,6,12287,9,15,36,44,28,0.46595318378701744,111,0.4661296333185033,87,4.3270019711329955,0.005426678716384893,79
K002,Kandidat 2 (Alun-Alun Tuban #1),Alun-Alun Tuban,-6.875993,112.002172,9,3895,10,1,33,43,2,0.48375389634990484,96,0.40631177204291585,143,2.976125962268708,0.0037324871873111757,169
K003,Kandidat 3 (Jl. Veteran #1),Jl. Veteran,-6.888696,112.03569,7,13511,10,3,33,47,26,0.537377479635686,52,0.5146596364069964,71,5.645807936934352,0.0070806498292710985,7
K004,Kandidat 4 (Jl. Letda Sucipto #1),Jl. Letda Sucipto,-7.122702,111.943511,7,10766,8,1,35,67,6,0.549467521239263,47,0.43166544031558185,123,4.42237295501079,0.005546287556829862,70
K005,Kandidat 5 (Jl. Panglima Sudirman #1),Jl. Panglima Sudirman,-6.893318,112.053669,10,4667,9,42,59,73,76,0.5349114610049244,56,0.5182328766884592,70,4.003661235273269,0.0050211632345024656,108
K006,Kandidat 6 (Jl. Pahlawan #1),Jl. Pahlawan,-6.889432,112.004388,10,10041,8,6,19,66,6,0.5366443442379735,55,0.45274886317504215,100,4.067598831488654,0.005101350115597875,102
K007,Kandidat 7 (Kawasan Pantai Boom #1),Kawasan Pantai Boom,-6.891415,112.009774,9,7830,8,11,61,43,17,0.3685639824252714,174,0.35407842200181305,182,3.3612287926609996,0.0042154611603417965,151
K008,Kandidat 8 (Jl. KH. Agus Salim #1),Jl. KH. Agus Salim,-7.066746,112.184346,8,4453,8,1,52,38,1,0.4176154677515637,144,0.3629964703783548,175,2.2058924119021652,0.002766504263729277,190
K009,Kandidat 9 (Jl. Dr. Wahidin Sudirohusodo #1),Jl. Dr. Wahidin Sudirohusodo,-6.901224,112.071071,7,4691,5,19,64,58,51,0.3986296281126932,159,0.4576913707464768,96,3.637617673183806,0.004562092307123047,139
K010,Kandidat 10 (Jl. Hayam Wuruk #1),Jl. Hayam Wuruk,-6.879549,112.002415,8,5040,8,5,52,50,6,0.33738947419003606,188,0.35821413452729095,179,2.846361321200228,0.003569743786563138,172
K011,Kandidat 11 (Kawasan Kampus Unirow #1),Kawasan Kampus Unirow,-6.909017,112.171059,8,13080,7,3,31,38,1,0.4489144491112558,123,0.4253116242667795,131,2.473346195793089,0.0031019295226822896,181
K012,Kandidat 12 (Jl. Gajah Mada #1),Jl. Gajah Mada,-6.876649,112.019665,10,12847,7,13,45,50,8,0.4200930317617991,140,0.37467779568941945,166,3.1792009750914723,0.003987172268868078,157
K013,Kandidat 13 (Kawasan GOR Rangga Jaya #1),Kawasan GOR Rangga Jaya,-6.879035,112.019948,9,8801,8,15,24,57,15,0.4772541639874182,102,0.4332781462554707,120,4.07868937527983,0.005115259242135423,101
K014,Kandidat 14 (Jl. RE Martadinata #1),Jl. RE Martadinata,-6.904271,112.049224,7,7768,5,37,42,51,76,0.5149491652977658,72,0.5885258595294874,35,4.310694192457976,0.005406226431861419,81
K015,Kandidat 15 (Jl. Diponegoro #1),Jl. Diponegoro,-7.080397,112.116889,6,12586,8,6,15,34,2,0.5389998024053968,51,0.45269715385814113,101,3.105081519734326,0.0038942158816188837,163
K016,Kandidat 16 (Jl. Brawijaya #1),Jl. Brawijaya,-7.109936,111.950123,8,4004,7,5,63,56,5,0.3108713456791283,196,0.33695866852042794,189,2.5095462289505193,0.003147329536543715,178
K017,Kandidat 17 (Jl. Sunan Kalijaga #1),Jl. Sunan Kalijaga,-6.89978,112.062401,9,8529,7,39,58,63,82,0.5567375193919889,44,0.5637404082767583,45,4.3342794230330135,0.005435805680874119,78
K018,Kandidat 18 (Jl. Teuku Umar #1),Jl. Teuku Umar,-6.8299,112.001945,8,8410,9,3,35,42,2,0.4118795523335859,150,0.40417947849553765,144,2.7495952449027303,0.0034483853008922365,174
K019,Kandidat 19 (Kawasan Manunggal #1),Kawasan Manunggal,-6.883967,112.011214,10,12942,8,20,32,72,21,0.515905135550754,71,0.4361169105122416,116,4.293881656707117,0.005385141109844855,83
K020,Kandidat 20 (Jl. Ronggolawe #1),Jl. Ronggolawe,-6.900562,112.059636,6,6986,10,46,17,47,83,0.6810143909978575,3,0.6275574795931764,16,5.447783156943293,0.006832298461265389,12
K021,Kandidat 21 (Jl. Basuki Rahmat #2),Jl. Basuki Rahmat,-6.847231,112.022122,8,10614,7,2,46,47,1,0.4186819190849945,141,0.3881319194764794,154,2.3440174301230985,0.002939732771962091,185
K022,Kandidat 22 (Alun-Alun Tuban #2),Alun-Alun Tuban,-7.089991,112.114706,9,11075,8,1,22,59,1,0.6083595389285109,20,0.4481225618588378,102,3.231029890787301,0.004052173134496576,154
K023,Kandidat 23 (Jl. Veteran #2),Jl. Veteran,-6.887253,112.005909,8,7219,7,9,64,59,12,0.35066174128351285,180,0.3420462998920028,187,3.114989855933029,0.003906642350920955,161
K024,Kandidat 24 (Jl. Letda Sucipto #2),Jl. Letda Sucipto,-6.901031,112.050398,5,8335,10,42,31,40,86,0.5893702890603261,31,0.6321866800966587,14,4.793169183225109,0.006011319006593579,38
K025,Kandidat 25 (Jl. Panglima Sudirman #2),Jl. Panglima Sudirman,-6.897224,112.047566,7,11391,8,42,62,60,84,0.5748532701331898,38,0.5576364372451355,50,4.364500537570454,0.005473707276514673,74
K026,Kandidat 26 (Jl. Pahlawan #2),Jl. Pahlawan,-7.069674,112.10403,6,11214,9,4,32,36,1,0.4133229569960246,148,0.4128310088468847,141,2.2914318376540224,0.0028737829255455188,188
K027,Kandidat 27 (Kawasan Pantai Boom #2),Kawasan Pantai Boom,-6.887824,112.017469,8,3509,10,15,64,36,28,0.3501129210747812,181,0.3602177474744977,178,3.1978999933154695,0.004010623509447682,155
K028,Kandidat 28 (Jl. KH. Agus Salim #2),Jl. KH. Agus Salim,-6.899915,112.060327,5,13516,9,46,32,63,86,0.6520302569473672,8,0.6308423190786255,15,5.158576133094504,0.0064695915312895065,25
K029,Kandidat 29 (Jl. Dr. Wahidin Sudirohusodo #2),Jl. Dr. Wahidin Sudirohusodo,-6.894596,112.058556,10,10949,7,44,36,58,77,0.6078101715574653,21,0.5968085297794028,29,4.895829355983758,0.0061400695313787316,35
K030,Kandidat 30 (Jl. Hayam Wuruk #2),Jl. Hayam Wuruk,-6.908386,112.051523,8,7500,7,12,49,32,37,0.4061436520375814,154,0.46235793476986325,90,4.048684327750589,0.005077628625394934,103
K031,Kandidat 31 (Kawasan Kampus Unirow #2),Kawasan Kampus Unirow,-6.890687,112.047088,5,5500,8,19,19,69,48,0.5543069883044303,45,0.579550759384386,37,5.059638597266435,0.006345509725107855,30
K032,Kandidat 32 (Jl. Gajah Mada #2),Jl. Gajah Mada,-6.903999,112.035648,10,10690,9,6,51,41,29,0.46408393030302,112,0.46079385962061115,91,4.616460367698517,0.00578970090366384,52
K033,Kandidat 33 (Kawasan GOR Rangga Jaya #2),Kawasan GOR Rangga Jaya,-6.906089,112.062234,9,10745,6,26,15,44,60,0.6765699776607697,4,0.6514515060792876,7,5.888334757427388,0.007384813114543982,4
K034,Kandidat 34 (Jl. RE Martadinata #2),Jl. RE Martadinata,-7.054151,112.012021,6,8044,8,3,46,65,22,0.437790716701117,130,0.4431973981006252,107,4.624474325786893,0.005799751552145704,50
K035,Kandidat 35 (Jl. Diponegoro #2),Jl. Diponegoro,-6.891302,112.052857,7,10739,5,33,48,34,49,0.4432795848362415,127,0.4584990355655498,95,3.8592874848381786,0.004840097923250569,116
K036,Kandidat 36 (Jl. Brawijaya #2),Jl. Brawijaya,-6.883644,112.046186,8,7863,9,8,58,36,22,0.3829113182489534,170,0.39220675141516553,150,3.743106827834701,0.004694390779407669,128
K037,Kandidat 37 (Jl. Sunan Kalijaga #2),Jl. Sunan Kalijaga,-7.078432,112.109124,5,8358,7,9,62,54,3,0.31154208541002665,195,0.32375724909549763,200,2.182396949597067,0.002737037596953224,191
K038,Kandidat 38 (Jl. Teuku Umar #2),Jl. Teuku Umar,-6.905567,112.052287,9,10496,8,30,25,70,67,0.6357521885273791,13,0.6532746872726871,4,5.517872648750787,0.006920200698419759,8
K039,Kandidat 39 (Kawasan Manunggal #2),Kawasan Manunggal,-7.071082,112.111263,6,10381,7,7,48,49,2,0.3527509230934074,179,0.36307293309157357,174,2.260143608215199,0.0028345430153486274,189
K040,Kandidat 40 (Jl. Ronggolawe #2),Jl. Ronggolawe,-6.884885,112.007411,7,10502,5,16,48,69,17,0.3960827171685298,161,0.36968599676834885,171,3.4598434911123994,0.004339138082325911,148
K041,Kandidat 41 (Jl. Basuki Rahmat #3),Jl. Basuki Rahmat,-6.862069,112.032542,7,13050,7,1,56,48,4,0.4993765796755175,86,0.3905153600750363,153,3.533645607227863,0.004431696480824418,144
K042,Kandidat 42 (Alun-Alun Tuban #3),Alun-Alun Tuban,-6.90027,112.059534,10,10543,7,47,31,41,86,0.6266859597840073,15,0.6198871955984313,19,5.011314809200364,0.006284904790341769,33
K043,Kandidat 43 (Jl. Veteran #3),Jl. Veteran,-6.902235,112.056619,9,9471,7,50,48,37,82,0.5513837821370693,46,0.5517209743826452,55,4.274945808482832,0.005361392850606481,86
K044,Kandidat 44 (Jl. Letda Sucipto #3),Jl. Letda Sucipto,-7.068288,112.108863,7,7800,6,7,57,42,1,0.30554431857737924,197,0.333638341461542,194,1.7342144082351199,0.002174952653500487,198
K045,Kandidat 45 (Jl. Panglima Sudirman #3),Jl. Panglima Sudirman,-6.886878,112.000233,5,4260,7,1,30,62,4,0.47052514643085697,108,0.41643866239595434,134,3.503086043306599,0.004393370421298703,145
K046,Kandidat 46 (Jl. Pahlawan #3),Jl. Pahlawan,-6.893685,112.059155,7,9531,8,39,54,35,65,0.4889832421383241,91,0.503246712597772,74,4.010516617214926,0.005029760862958304,107
K047,Kandidat 47 (Kawasan Pantai Boom #3),Kawasan Pantai Boom,-6.909606,112.062337,7,5387,7,6,43,63,29,0.4109568340599199,151,0.45933960437487065,93,4.316274897469742,0.005413225433320585,80
K048,Kandidat 48 (Jl. KH. Agus Salim #3),Jl. KH. Agus Salim,-6.898493,112.066509,6,10277,6,27,35,36,71,0.5293708592751496,62,0.6447788435355506,11,4.7027078909556765,0.005897867620925119,43
K049,Kandidat 49 (Jl. Dr. Wahidin Sudirohusodo #3),Jl. Dr. Wahidin Sudirohusodo,-6.897186,112.04766,7,8277,6,42,35,37,83,0.548854366714897,48,0.6121041033469662,22,4.519554448785118,0.005668167035371803,56
K050,Kandidat 50 (Jl. Hayam Wuruk #3),Jl. Hayam Wuruk,-6.90169,112.071898,6,9876,7,17,60,65,47,0.45789016442211217,116,0.47812613450003694,80,4.1751266435212475,0.005236205355523712,93
K051,Kandidat 51 (Kawasan Kampus Unirow #3),Kawasan Kampus Unirow,-7.076709,112.109777,6,13445,8,9,23,57,3,0.4804106791626296,99,0.4329499838144616,121,3.0629068192657765,0.0038413227812853384,166
K052,Kandidat 52 (Jl. Gajah Mada #3),Jl. Gajah Mada,-6.895371,112.061494,9,8740,8,30,44,48,69,0.5373172933345982,53,0.5911463245825929,31,4.579956146563473,0.005743919394615929,54
K053,Kandidat 53 (Kawasan GOR Rangga Jaya #3),Kawasan GOR Rangga Jaya,-6.876015,112.015546,7,13747,8,16,29,53,6,0.4547564034526693,119,0.40336687844874575,145,3.196215750709749,0.004008511228574535,156
K054,Kandidat 54 (Jl. RE Martadinata #3),Jl. RE Martadinata,-7.055252,112.001811,6,11650,8,3,16,57,15,0.5965073054280162,28,0.5001688012761937,76,5.692135042596412,0.0071387506390154,6
K055,Kandidat 55 (Jl. Diponegoro #3),Jl. Diponegoro,-6.896188,112.041599,5,8626,8,13,37,49,63,0.5128316331056555,75,0.6518871807681125,6,5.022855439550051,0.0062993783897323215,32
K056,Kandidat 56 (Jl. Brawijaya #3),Jl. Brawijaya,-6.8925,112.062628,7,10382,7,17,39,68,48,0.5093729317462545,77,0.5551857620935784,51,4.771322118791581,0.005983919666272532,40
K057,Kandidat 57 (Jl. Sunan Kalijaga #3),Jl. Sunan Kalijaga,-6.905312,112.043451,6,4562,7,10,53,53,51,0.4183756015744152,143,0.5206749822069043,67,4.181238599200287,0.0052438706212250465,92
K058,Kandidat 58 (Jl. Teuku Umar #3),Jl. Teuku Umar,-6.906683,112.05746,7,8132,9,27,34,56,54,0.5171754128408406,69,0.5542638529795851,52,4.622948905185305,0.005797838456758321,51
K059,Kandidat 59 (Kawasan Manunggal #3),Kawasan Manunggal,-6.936669,112.061426,8,11758,8,1,32,67,4,0.5712398262716119,39,0.43676042971514395,114,4.183943946072247,0.005247263512744036,91
K060,Kandidat 60 (Jl. Ronggolawe #3),Jl. Ronggolawe,-6.904259,112.04735,8,11443,8,25,58,50,67,0.5333774755967092,58,0.5636030905256607,46,4.498011777115802,0.005641149447068894,62
K061,Kandidat 61 (Jl. Basuki Rahmat #4),Jl. Basuki Rahmat,-6.901602,112.064347,7,14352,7,27,40,65,74,0.6091069170661183,19,0.6637162602857314,2,5.156577549585737,0.006467085022010727,26
K062,Kandidat 62 (Alun-Alun Tuban #4),Alun-Alun Tuban,-6.888012,112.026034,6,14054,10,1,51,64,17,0.5822293815432984,33,0.44575444837166694,106,5.417356470568557,0.0067941390491686425,14
K063,Kandidat 63 (Jl. Veteran #4),Jl. Veteran,-7.069577,112.104722,5,14016,6,4,62,35,1,0.3532812101456272,178,0.3654516017419246,173,1.9166757041512434,0.002403785188756478,196
K064,Kandidat 64 (Jl. Letda Sucipto #4),Jl. Letda Sucipto,-6.832588,111.997838,9,7017,7,3,45,55,2,0.38077925745142327,171,0.378023402205183,164,2.5459813934619606,0.0031930244387187766,177
K065,Kandidat 65 (Jl. Panglima Sudirman #4),Jl. Panglima Sudirman,-7.078694,112.119501,9,11934,5,4,51,67,1,0.4018892717687067,157,0.37818809893005645,163,2.1302684419796125,0.002671661000249138,192
K066,Kandidat 66 (Jl. Pahlawan #4),Jl. Pahlawan,-6.897667,112.062409,10,3505,7,37,42,42,75,0.49938874431617586,85,0.5666417043246547,42,3.9926624252169685,0.005007369155175422,109
K067,Kandidat 67 (Kawasan Pantai Boom #4),Kawasan Pantai Boom,-6.889903,112.017636,9,12337,10,14,44,69,29,0.5074053798933204,78,0.4594832637483615,92,4.513679139480888,0.005660798558036652,59
K068,Kandidat 68 (Jl. KH. Agus Salim #4),Jl. KH. Agus Salim,-6.825557,112.001629,8,9060,8,3,25,39,1,0.44708138264911573,125,0.4264461768801997,129,2.5077345140580616,0.003145057387209685,179
K069,Kandidat 69 (Jl. Dr. Wahidin Sudirohusodo #4),Jl. Dr. Wahidin Sudirohusodo,-6.905158,112.055546,7,9816,9,38,20,57,69,0.6494123950849886,10,0.6263778552908984,17,5.4857644187401045,0.0068799323903435934,10
K070,Kandidat 70 (Jl. Hayam Wuruk #4),Jl. Hayam Wuruk,-6.960103,111.710629,7,13502,6,13,34,43,12,0.42616421331836757,135,0.4157424464948619,137,3.6055179838701217,0.004521834710301216,141
K071,Kandidat 71 (Kawasan Kampus Unirow #4),Kawasan Kampus Unirow,-6.896759,112.073378,6,9733,9,12,52,68,35,0.4555326503279419,117,0.4591279587556679,94,4.309665314432654,0.005404936071810969,82
K072,Kandidat 72 (Jl. Gajah Mada #4),Jl. Gajah Mada,-6.904795,112.057314,8,10488,8,41,47,37,72,0.5367279621908686,54,0.5532983025044551,54,4.345238350924014,0.005449549742267489,76
K073,Kandidat 73 (Kawasan GOR Rangga Jaya #4),Kawasan GOR Rangga Jaya,-6.914505,112.070237,7,3509,8,2,24,33,8,0.42751075789731274,134,0.43551335564789223,117,3.8319922373822335,0.004805865782979819,119
K074,Kandidat 74 (Jl. RE Martadinata #4),Jl. RE Martadinata,-6.878906,112.022133,7,5119,7,13,51,40,9,0.30483963532073294,198,0.3242725493632362,199,2.6704875564953845,0.0033491729566764226,175
K075,Kandidat 75 (Jl. Diponegoro #4),Jl. Diponegoro,-6.896907,112.064867,9,5494,7,24,52,66,66,0.4970701860127349,88,0.5587126512778925,48,4.262590058782699,0.005345896975085737,87
K076,Kandidat 76 (Jl. Brawijaya #4),Jl. Brawijaya,-6.888744,112.041808,7,11484,9,7,58,45,27,0.4357735936199155,131,0.43269219336101544,122,4.257958560146054,0.005340088414044138,88
K077,Kandidat 77 (Jl. Sunan Kalijaga #4),Jl. Sunan Kalijaga,-6.896576,112.058814,10,7030,10,48,26,66,84,0.6587652600311663,7,0.6120042932251463,23,5.221708290237752,0.006548768276706847,19
K078,Kandidat 78 (Jl. Teuku Umar #4),Jl. Teuku Umar,-6.88441,112.043652,5,8915,8,9,43,39,29,0.4049814959855579,155,0.456963912887885,98,4.155263699042542,0.005211294385118237,97
K079,Kandidat 79 (Kawasan Manunggal #4),Kawasan Manunggal,-7.063834,112.008742,9,12944,6,5,44,66,39,0.5246235841033866,64,0.5422083968442224,57,5.4121106896414615,0.006787560090365803,15
K080,Kandidat 80 (Jl. Ronggolawe #4),Jl. Ronggolawe,-6.902794,112.070868,6,6398,8,20,40,35,50,0.4381196389161912,129,0.5255300505362641,65,4.15438145520801,0.005210187925294216,98
K081,Kandidat 81 (Jl. Basuki Rahmat #5),Jl. Basuki Rahmat,-6.959774,111.722138,7,4565,7,3,54,39,3,0.3141411587204223,193,0.3534338600619411,183,2.421350611448717,0.003036719630754804,182
K082,Kandidat 82 (Alun-Alun Tuban #5),Alun-Alun Tuban,-6.896105,112.051532,7,10443,7,43,52,64,83,0.5709218403967807,40,0.5748937932643098,40,4.451538918786363,0.0055828658426544725,66
K083,Kandidat 83 (Jl. Veteran #5),Jl. Veteran,-6.78496,111.772913,8,5690,8,5,31,64,12,0.4225001391302779,137,0.4296026760454378,126,3.9752982903463323,0.004985592049049851,112
K084,Kandidat 84 (Jl. Letda Sucipto #5),Jl. Letda Sucipto,-6.909239,112.036809,7,7533,8,1,54,71,6,0.48501747028416264,95,0.38209372012790305,160,3.797226234664911,0.0047622642481854,122
K085,Kandidat 85 (Jl. Panglima Sudirman #5),Jl. Panglima Sudirman,-6.900622,112.055618,8,5470,7,49,17,38,89,0.6652366883069587,5,0.6216338275052102,18,5.1968462345536475,0.006517587706573856,21
K086,Kandidat 86 (Jl. Pahlawan #5),Jl. Pahlawan,-6.895205,112.033428,8,9067,6,6,61,60,22,0.3994849603800942,158,0.4009991787175549,146,3.9573874351892044,0.004963129277569304,113
K087,Kandidat 87 (Kawasan Pantai Boom #5),Kawasan Pantai Boom,-6.896721,112.065282,7,12169,9,24,50,60,68,0.5639358053039043,42,0.6058940343642076,25,4.81052979049194,0.006033091688599953,36
K088,Kandidat 88 (Jl. KH. Agus Salim #5),Jl. KH. Agus Salim,-6.902379,112.068476,6,4620,8,23,41,64,63,0.4826241498431011,97,0.5778022513154767,38,4.287837429990398,0.005377560785939425,85
K089,Kandidat 89 (Jl. Dr. Wahidin Sudirohusodo #5),Jl. Dr. Wahidin Sudirohusodo,-6.876824,112.005113,5,6145,8,6,19,41,4,0.4295291459916357,132,0.42969610697501964,125,3.1450262644660905,0.003944312298841114,159
K090,Kandidat 90 (Jl. Hayam Wuruk #5),Jl. Hayam Wuruk,-6.882362,112.048272,7,9528,6,7,50,55,17,0.3878022074598361,167,0.4005533488290738,147,3.7799510367528253,0.004740598681713217,123
K091,Kandidat 91 (Kawasan Kampus Unirow #5),Kawasan Kampus Unirow,-6.9049,112.049658,8,6728,8,35,43,35,75,0.5140377337788513,74,0.5862230032183713,36,4.292756022804982,0.005383729404100345,84
K092,Kandidat 92 (Jl. Gajah Mada #5),Jl. Gajah Mada,-6.879466,112.000193,8,7725,5,1,50,67,2,0.4623244621433293,113,0.3785810005084054,162,2.8749083939572913,0.003605545894623025,171
K093,Kandidat 93 (Kawasan GOR Rangga Jaya #5),Kawasan GOR Rangga Jaya,-6.783177,111.797009,8,5616,9,1,24,71,5,0.5644629961846859,41,0.4406474946523873,109,4.337300946078141,0.0054395951024896975,77
K094,Kandidat 94 (Jl. RE Martadinata #5),Jl. RE Martadinata,-7.073571,112.106558,8,9666,7,8,60,43,2,0.33682949561497816,189,0.33516244152214214,191,2.103695236175089,0.0026383344033750057,193
K095,Kandidat 95 (Jl. Diponegoro #5),Jl. Diponegoro,-6.89129,112.043431,10,11283,8,13,39,64,46,0.5414775093665978,50,0.5660713998833022,43,5.123421403416452,0.006425502477344796,27
K096,Kandidat 96 (Jl. Brawijaya #5),Jl. Brawijaya,-6.964048,111.714721,5,4327,8,20,58,67,24,0.3452824356612453,184,0.3286305252725626,196,3.103044854193779,0.0038916616120310684,164
K097,Kandidat 97 (Jl. Sunan Kalijaga #5),Jl. Sunan Kalijaga,-6.929029,112.065024,10,7376,8,2,56,59,4,0.41609756087157834,146,0.36989433068695515,170,3.1222389607056957,0.003915733764062229,160
K098,Kandidat 98 (Jl. Teuku Umar #5),Jl. Teuku Umar,-7.075711,112.10396,7,9524,7,7,43,45,3,0.3594842844164619,176,0.37322670549595166,167,2.5489762556761,0.0031967804238429804,176
K099,Kandidat 99 (Kawasan Manunggal #5),Kawasan Manunggal,-6.90899,112.056841,10,7297,10,8,15,68,27,0.629556701398327,14,0.5294678247231868,64,5.850261338645172,0.007337063607438637,5
K100,Kandidat 100 (Jl. Ronggolawe #5),Jl. Ronggolawe,-6.90767,112.047165,10,5145,6,11,37,32,50,0.45119911247655586,122,0.5641243623262603,44,4.5113340757821385,0.005657857513094342,60
K101,Kandidat 101 (Jl. Basuki Rahmat #6),Jl. Basuki Rahmat,-6.978315,111.707188,9,8162,6,1,29,52,3,0.5223914313512112,66,0.4270077308433539,128,3.6747669272387857,0.004608682779615239,136
K102,Kandidat 102 (Alun-Alun Tuban #6),Alun-Alun Tuban,-6.78133,111.782359,7,13024,7,4,40,72,15,0.4751327200733874,105,0.4475044327700267,104,4.517037368401607,0.005665010256928956,57
K103,Kandidat 103 (Jl. Veteran #6),Jl. Veteran,-6.903383,112.070157,6,4036,9,21,52,33,52,0.40435432640393953,156,0.4839748892268427,78,3.678191068879286,0.004612977142475796,135
K104,Kandidat 104 (Jl. Letda Sucipto #6),Jl. Letda Sucipto,-6.902119,112.046591,7,12166,8,39,31,55,76,0.6156557368963599,17,0.6324460049846143,13,5.117482452455268,0.006418054184278668,28
K105,Kandidat 105 (Jl. Panglima Sudirman #6),Jl. Panglima Sudirman,-6.96013,111.719217,8,8799,7,12,38,64,13,0.40954611505061705,152,0.39488809118894347,148,3.5897865743159696,0.004502105275007269,143
K106,Kandidat 106 (Jl. Pahlawan #6),Jl. Pahlawan,-7.078041,112.11721,7,8257,6,7,64,52,1,0.31327856861643877,194,0.32751709368847226,197,1.7265934922063824,0.00216539493591949,199
K107,Kandidat 107 (Kawasan Pantai Boom #6),Kawasan Pantai Boom,-6.889248,112.052046,8,8444,10,19,63,51,32,0.4233452180499144,136,0.38074831079193694,161,3.7261793436481887,0.004673161295628896,130
K108,Kandidat 108 (Jl. KH. Agus Salim #6),Jl. KH. Agus Salim,-6.891993,112.047829,7,8682,10,31,63,38,66,0.4928318972879865,90,0.5097641472795158,72,4.042574193673213,0.005069965644242357,106
K109,Kandidat 109 (Jl. Dr. Wahidin Sudirohusodo #6),Jl. Dr. Wahidin Sudirohusodo,-6.904313,112.057045,8,12681,8,44,33,63,73,0.620879258965357,16,0.5952118914704332,30,5.03634405203301,0.006316295037046829,31
K110,Kandidat 110 (Jl. Hayam Wuruk #6),Jl. Hayam Wuruk,-6.977586,111.711132,7,8024,7,2,30,71,9,0.4751577000718538,104,0.43985619898712924,112,4.397180659332327,0.005514692818559061,73
K111,Kandidat 111 (Kawasan Kampus Unirow #6),Kawasan Kampus Unirow,-6.903581,112.063565,8,4268,9,26,61,33,68,0.452876151686177,121,0.5230222439875843,66,3.777187141641572,0.004737132362336747,124
K112,Kandidat 112 (Jl. Gajah Mada #6),Jl. Gajah Mada,-6.905654,112.046397,8,8732,7,13,52,35,57,0.4695789542041562,109,0.5634966245736194,47,4.5137829442508455,0.005660928744049866,58
K113,Kandidat 113 (Kawasan GOR Rangga Jaya #6),Kawasan GOR Rangga Jaya,-6.888733,112.041562,6,11538,9,7,24,41,27,0.5148812942989919,73,0.5198789939908764,68,5.197746949531759,0.006518717331851094,20
K114,Kandidat 114 (Jl. RE Martadinata #6),Jl. RE Martadinata,-6.892469,112.04902,9,9805,7,37,37,59,73,0.5772509762798488,36,0.6056322785206892,26,4.809426493505849,0.0060317079965396736,37
K115,Kandidat 115 (Jl. Diponegoro #6),Jl. Diponegoro,-6.881951,112.021556,9,6962,8,15,15,34,21,0.5440081090414007,49,0.47379869120990425,82,4.6304539453034845,0.00580725084939106,49
K116,Kandidat 116 (Jl. Brawijaya #6),Jl. Brawijaya,-6.891811,112.051076,6,14182,8,33,22,68,57,0.6397134373619773,11,0.603673204094414,27,5.449135535083532,0.006833994536681832,11
K117,Kandidat 117 (Jl. Sunan Kalijaga #6),Jl. Sunan Kalijaga,-6.879495,112.015574,6,11276,8,21,22,65,17,0.5035824619640996,83,0.4343753473724784,119,4.1574652638669685,0.0052140554619689436,96
K118,Kandidat 118 (Jl. Teuku Umar #6),Jl. Teuku Umar,-6.906834,112.048051,9,8707,8,16,60,47,58,0.48814747838061,92,0.5346082038535702,60,4.428839001657632,0.005554396903197547,68
K119,Kandidat 119 (Kawasan Manunggal #6),Kawasan Manunggal,-6.877914,112.010078,7,11856,6,17,28,62,13,0.4533526580698147,120,0.41634267256937485,135,3.7514868511257875,0.004704900525957343,127
K120,Kandidat 120 (Jl. Ronggolawe #6),Jl. Ronggolawe,-6.898098,112.031105,7,9650,8,4,47,54,15,0.4174484279678023,145,0.4153067905785346,138,4.114478068279874,0.005160143376666964,100
K121,Kandidat 121 (Jl. Basuki Rahmat #7),Jl. Basuki Rahmat,-7.070387,112.113956,9,7195,6,7,50,60,1,0.3426060554969901,186,0.3482181067913446,184,1.854608062265274,0.00232594349757033,197
K122,Kandidat 122 (Alun-Alun Tuban #7),Alun-Alun Tuban,-6.907254,112.0935,7,12205,10,1,19,51,1,0.6375751159783525,12,0.4572046426669636,97,3.3512519054217784,0.004202948718240302,152
K123,Kandidat 123 (Jl. Veteran #7),Jl. Veteran,-6.903324,112.072309,7,4909,7,14,26,51,36,0.45552130041936584,118,0.509181458066693,73,4.447355840529448,0.0055776196648396215,67
K124,Kandidat 124 (Jl. Letda Sucipto #7),Jl. Letda Sucipto,-6.975242,111.71126,8,4779,8,9,48,66,19,0.3798097187576657,172,0.39078119438529296,152,3.6017262979275637,0.004517079394370933,142
K125,Kandidat 125 (Jl. Panglima Sudirman #7),Jl. Panglima Sudirman,-6.888697,112.025135,10,4887,6,2,24,61,18,0.5043689630867846,81,0.4764518751075035,81,5.162393528421176,0.00647437909046084,24
K126,Kandidat 126 (Jl. Pahlawan #7),Jl. Pahlawan,-6.966545,111.719217,7,11673,7,20,46,48,23,0.41849960898964844,142,0.3859546779509696,156,3.6980993639743005,0.004637944989033845,132
K127,Kandidat 127 (Kawasan Pantai Boom #7),Kawasan Pantai Boom,-7.07557,112.109605,7,6073,8,8,16,56,3,0.487563562127182,93,0.43074692451732927,124,3.078898124277088,0.003861378162616579,165
K128,Kandidat 128 (Jl. KH. Agus Salim #7),Jl. KH. Agus Salim,-6.886636,112.043792,7,9377,8,8,60,35,29,0.3980586515760358,160,0.42151312701817195,132,3.9871493051627627,0.005000454914909615,110
K129,Kandidat 129 (Jl. Dr. Wahidin Sudirohusodo #7),Jl. Dr. Wahidin Sudirohusodo,-6.905822,112.037868,6,13768,6,4,37,68,26,0.5000170607696806,84,0.5010955117932803,75,5.1692388229452115,0.006482964067853684,23
K130,Kandidat 130 (Jl. Hayam Wuruk #7),Jl. Hayam Wuruk,-6.896849,112.046696,5,13867,6,40,50,72,88,0.606258146072264,24,0.6143544381542118,21,4.659012949526048,0.005843067921213458,46
K131,Kandidat 131 (Kawasan Kampus Unirow #7),Kawasan Kampus Unirow,-6.783576,111.77256,7,10684,7,4,52,43,11,0.3902096370991175,164,0.3934714685002092,149,3.6691436556910366,0.004601630393638019,137
K132,Kandidat 132 (Jl. Gajah Mada #7),Jl. Gajah Mada,-6.900072,112.054785,6,11541,6,49,41,62,92,0.6071512302152516,22,0.6064518697001381,24,4.69807494625709,0.0058920572463152295,44
K133,Kandidat 133 (Kawasan GOR Rangga Jaya #7),Kawasan GOR Rangga Jaya,-6.890014,112.006114,9,7763,7,7,59,38,11,0.34837366794614305,183,0.3565370531882714,181,3.1761612878954315,0.00398336006681195,158
K134,Kandidat 134 (Jl. RE Martadinata #7),Jl. RE Martadinata,-6.901524,112.053057,8,6469,7,45,60,33,86,0.5060825621170109,79,0.5410822106140105,58,3.870365068021621,0.004853990795334199,114
K135,Kandidat 135 (Jl. Diponegoro #7),Jl. Diponegoro,-6.876846,112.006683,6,4886,6,7,50,57,4,0.30233341355988014,199,0.34538843323157264,185,2.388599112366726,0.0029956445713525542,184
K136,Kandidat 136 (Jl. Brawijaya #7),Jl. Brawijaya,-7.077666,112.102933,5,7350,7,5,50,70,3,0.34509706302978443,185,0.361879795825372,177,2.502549557654557,0.0031385547110500726,180
K137,Kandidat 137 (Jl. Sunan Kalijaga #7),Jl. Sunan Kalijaga,-6.899933,112.060383,8,4833,7,46,61,55,86,0.5119507040292324,76,0.5330266652184069,61,3.8350893278931766,0.004809749976994654,118
K138,Kandidat 138 (Jl. Teuku Umar #7),Jl. Teuku Umar,-6.96626,111.718905,10,9712,7,20,50,51,24,0.42154674801302605,138,0.37203508499674437,169,3.6828828810297827,0.004618861345281396,133
K139,Kandidat 139 (Kawasan Manunggal #7),Kawasan Manunggal,-6.901542,112.049378,6,10601,10,39,57,65,82,0.5800773273593358,35,0.5737321648708142,41,4.481258488749916,0.005620138429738387,63
K140,Kandidat 140 (Jl. Ronggolawe #7),Jl. Ronggolawe,-6.95915,111.707911,8,11117,6,1,23,71,4,0.5992156479295669,27,0.45391580858134284,99,4.4256419331565,0.0055503873224981015,69
K141,Kandidat 141 (Jl. Basuki Rahmat #8),Jl. Basuki Rahmat,-6.85476,112.027843,8,4740,8,2,54,73,4,0.3922928732121357,163,0.3667169152061192,172,2.9592825293320253,0.0037113631158089805,170
K142,Kandidat 142 (Alun-Alun Tuban #8),Alun-Alun Tuban,-6.910532,112.063086,7,11470,9,6,51,61,25,0.4589752933350766,115,0.44647367946531347,105,4.508488009398389,0.0056542881392014814,61
K143,Kandidat 143 (Jl. Veteran #8),Jl. Veteran,-6.899373,112.047259,5,10167,7,42,58,48,83,0.5291757511890667,63,0.5576480061167918,49,4.131123042356276,0.005181018552402448,99
K144,Kandidat 144 (Jl. Letda Sucipto #8),Jl. Letda Sucipto,-6.885103,112.045446,10,11482,5,9,30,55,31,0.5043454312558897,82,0.5192283138767861,69,4.992375854774292,0.006261152635482538,34
K145,Kandidat 145 (Jl. Panglima Sudirman #8),Jl. Panglima Sudirman,-6.906516,112.008149,9,6208,9,1,51,47,6,0.4739827242379445,106,0.3827800018029143,158,3.7360694718233773,0.004685564929467908,129
K146,Kandidat 146 (Jl. Pahlawan #8),Jl. Pahlawan,-6.974061,111.717232,9,10109,7,17,29,57,21,0.4708047842686392,107,0.43928196564750027,113,4.194685004707281,0.0052607343349611365,90
K147,Kandidat 147 (Kawasan Pantai Boom #8),Kawasan Pantai Boom,-6.883316,112.0477,5,11738,5,7,30,38,21,0.42890511909379986,133,0.4735422034146479,83,4.347100088525026,0.005451884627225321,75
K148,Kandidat 148 (Jl. KH. Agus Salim #8),Jl. KH. Agus Salim,-6.901086,112.040978,10,9413,8,10,21,45,52,0.6041349978256099,25,0.6531621010412684,5,6.05743609892882,0.007596890358085813,3
K149,Kandidat 149 (Jl. Dr. Wahidin Sudirohusodo #8),Jl. Dr. Wahidin Sudirohusodo,-6.907571,112.063644,6,11186,7,20,62,39,48,0.44307854307739947,128,0.4683059303502179,85,3.9837091832764076,0.0049961405105374895,111
K150,Kandidat 150 (Jl. Hayam Wuruk #8),Jl. Hayam Wuruk,-6.89915,112.052372,10,5000,7,44,44,70,91,0.5812765896845804,34,0.5974561501951603,28,4.414183906373666,0.0055360173197828285,72
K151,Kandidat 151 (Kawasan Kampus Unirow #8),Kawasan Kampus Unirow,-7.068657,112.112765,7,4966,9,7,31,45,1,0.3582657908482405,177,0.3864409850065134,155,1.9612479359396637,0.0024596851359258254,195
K152,Kandidat 152 (Jl. Gajah Mada #8),Jl. Gajah Mada,-6.970818,111.721564,8,10638,8,19,59,65,20,0.4158765455729303,147,0.34467351873510516,186,3.4883851420683603,0.004374933390672545,146
K153,Kandidat 153 (Kawasan GOR Rangga Jaya #8),Kawasan GOR Rangga Jaya,-6.972333,111.718003,9,6483,7,19,37,70,21,0.4206207521857167,139,0.39113283925507836,151,3.7125351467386127,0.004656049523213416,131
K154,Kandidat 154 (Jl. RE Martadinata #8),Jl. RE Martadinata,-7.061502,112.006088,7,10140,8,5,36,56,39,0.505652076871207,80,0.5535015047472481,53,5.442781991205267,0.006826026284860405,13
K155,Kandidat 155 (Jl. Diponegoro #8),Jl. Diponegoro,-6.893344,112.06008,8,12184,8,28,16,66,59,0.7025224439216766,2,0.646097765872385,10,6.0723986915558354,0.007615655587104117,2
K156,Kandidat 156 (Jl. Brawijaya #8),Jl. Brawijaya,-6.903901,112.066125,9,14153,5,24,27,44,63,0.6010421191565244,26,0.6617947245055178,3,5.343913371697324,0.006702030909590996,16
K157,Kandidat 157 (Jl. Sunan Kalijaga #8),Jl. Sunan Kalijaga,-6.964221,111.706638,7,7310,5,12,60,60,10,0.3244488523893784,192,0.3243760619493977,198,2.8133489529002205,0.0035283415598883483,173
K158,Kandidat 158 (Jl. Teuku Umar #8),Jl. Teuku Umar,-6.898656,112.081524,9,11936,7,2,30,41,8,0.4945146929499555,89,0.4477309879818837,103,4.414272318412621,0.0055361282011120415,71
K159,Kandidat 159 (Kawasan Manunggal #8),Kawasan Manunggal,-6.788804,111.792081,5,11690,7,2,19,32,7,0.5211267602954971,67,0.4654598026212474,88,4.473872479154135,0.005610875318387887,64
K160,Kandidat 160 (Jl. Ronggolawe #8),Jl. Ronggolawe,-6.879395,112.010584,6,5550,7,20,44,35,17,0.32546319055474104,191,0.3328601635237688,195,3.018393248800824,0.0037854964037971847,168
K161,Kandidat 161 (Jl. Basuki Rahmat #9),Jl. Basuki Rahmat,-6.789465,111.789189,8,7888,5,2,15,46,7,0.5581868507746514,43,0.46493857972424946,89,4.660846021575096,0.005845366855473376,45
K162,Kandidat 162 (Alun-Alun Tuban #9),Alun-Alun Tuban,-6.858998,111.657869,7,11556,8,2,26,68,3,0.5168477392789507,70,0.44301358408572605,108,3.6811901882233626,0.004616738466649202,134
K163,Kandidat 163 (Jl. Veteran #9),Jl. Veteran,-6.963242,111.714184,9,12630,8,20,53,55,23,0.44720444642750057,124,0.37739780936515255,165,3.7562207131688536,0.004710837465336339,125
K164,Kandidat 164 (Jl. Letda Sucipto #9),Jl. Letda Sucipto,-6.860543,111.65611,7,5368,10,2,21,35,5,0.4767981360001037,103,0.4402352412913748,111,3.8237333181723794,0.004795507918251432,121
K165,Kandidat 165 (Jl. Panglima Sudirman #9),Jl. Panglima Sudirman,-7.067876,112.011794,6,11327,9,3,59,41,26,0.44536774048708594,126,0.4405940211470968,110,4.632079536873121,0.0058092895734848625,48
K166,Kandidat 166 (Jl. Pahlawan #9),Jl. Pahlawan,-6.8241,111.992924,5,4324,6,3,63,34,1,0.26871579550402425,200,0.3348683837452611,192,1.6825501327649428,0.002110158270238849,200
K167,Kandidat 167 (Kawasan Pantai Boom #9),Kawasan Pantai Boom,-6.887211,112.025249,9,5296,8,3,37,40,15,0.40865144170269113,153,0.42882468974501997,127,4.162609550508673,0.00522050713243634,94
K168,Kandidat 168 (Jl. KH. Agus Salim #9),Jl. KH. Agus Salim,-6.903043,112.061937,10,5413,8,36,56,66,76,0.5312229279329995,60,0.5472763650304007,56,4.161033925403459,0.0052185310734281605,95
K169,Kandidat 169 (Jl. Dr. Wahidin Sudirohusodo #9),Jl. Dr. Wahidin Sudirohusodo,-7.088006,112.103151,9,13801,10,1,17,63,1,0.7036170705985216,1,0.4682453981000902,86,3.6291745421739536,0.004551503414477172,140
K170,Kandidat 170 (Jl. Hayam Wuruk #9),Jl. Hayam Wuruk,-6.894154,112.042355,7,8376,6,13,61,56,66,0.48638976075853335,94,0.5749757297542827,39,4.535484686748185,0.005688145829899249,55
K171,Kandidat 171 (Kawasan Kampus Unirow #9),Kawasan Kampus Unirow,-6.895407,112.048264,8,5433,9,42,25,72,91,0.6515859436850977,9,0.6492652758231139,9,5.18911601137788,0.006507892902212614,22
K172,Kandidat 172 (Jl. Gajah Mada #9),Jl. Gajah Mada,-6.906865,112.052178,7,14374,6,19,23,34,50,0.5757376627531168,37,0.6158537817554148,20,5.304431684843237,0.006652515233109354,18
K173,Kandidat 173 (Kawasan GOR Rangga Jaya #9),Kawasan GOR Rangga Jaya,-6.897561,112.040248,10,13047,5,6,29,71,55,0.6125027945380673,18,0.6786264156203204,1,6.369298750624184,0.00798801068243072,1
K174,Kandidat 174 (Jl. RE Martadinata #9),Jl. RE Martadinata,-6.904044,112.057481,10,13110,5,44,38,46,76,0.5931045540500436,29,0.5909902844767762,32,4.729952787855821,0.005932036614404778,41
K175,Kandidat 175 (Jl. Diponegoro #9),Jl. Diponegoro,-6.893752,112.043781,5,8870,8,20,40,49,70,0.5227028889245043,65,0.6509149664005986,8,4.780053916960737,0.0059948705887811074,39
K176,Kandidat 176 (Jl. Brawijaya #9),Jl. Brawijaya,-6.908239,112.167282,5,13403,8,3,19,44,7,0.534536561439449,57,0.46978605396459244,84,4.459219796457671,0.005592498760702608,65
K177,Kandidat 177 (Jl. Sunan Kalijaga #9),Jl. Sunan Kalijaga,-6.896274,112.059349,9,13016,7,46,43,34,82,0.5919329885228684,30,0.5893541287867756,33,4.616146063318449,0.00578930672106324,53
K178,Kandidat 178 (Jl. Teuku Umar #9),Jl. Teuku Umar,-6.885744,112.006273,7,9683,8,11,59,64,14,0.3872425958359252,168,0.3565770118686007,180,3.3650487681032604,0.0042202519553467275,150
K179,Kandidat 179 (Kawasan Manunggal #9),Kawasan Manunggal,-7.085768,111.969519,9,10814,9,3,42,64,7,0.46147395825615944,114,0.4134582051941802,140,3.8626072388732804,0.0048442613691389936,115
K180,Kandidat 180 (Jl. Ronggolawe #9),Jl. Ronggolawe,-6.901408,112.04618,6,5204,7,38,59,56,77,0.48000976972733483,100,0.5304846164963976,63,3.825722023352432,0.004798002038694583,120
K181,Kandidat 181 (Jl. Basuki Rahmat #10),Jl. Basuki Rahmat,-6.901469,112.053095,10,7786,8,45,21,36,87,0.6618850598526596,6,0.6398372296962194,12,5.336332130481296,0.006692522949893896,17
K182,Kandidat 182 (Alun-Alun Tuban #10),Alun-Alun Tuban,-6.902266,112.054557,9,12517,7,46,45,54,83,0.6067130215727801,23,0.5888544575659344,34,4.715977349803426,0.005914509418268273,42
K183,Kandidat 183 (Jl. Veteran #10),Jl. Veteran,-6.887702,112.051256,5,6219,7,16,44,70,29,0.3946404240686483,162,0.4158010341019785,136,3.751692019138389,0.004705157835959672,126
K184,Kandidat 184 (Jl. Letda Sucipto #10),Jl. Letda Sucipto,-7.078185,112.120271,6,5903,8,3,27,60,1,0.4120802729244564,149,0.41383341305856075,139,2.3429023630788692,0.002938334318567193,186
K185,Kandidat 185 (Jl. Panglima Sudirman #10),Jl. Panglima Sudirman,-7.079179,112.117301,7,13677,7,6,60,58,1,0.386965290602588,169,0.36196950184491367,176,1.962251416268233,0.00246094364363571,194
K186,Kandidat 186 (Jl. Pahlawan #10),Jl. Pahlawan,-7.090196,111.969321,10,5564,6,3,48,55,8,0.3775948002268741,173,0.383196554610829,157,3.4015563025171343,0.004266037619719693,149
K187,Kandidat 187 (Kawasan Pantai Boom #10),Kawasan Pantai Boom,-6.87912,112.012339,9,4507,6,20,44,38,18,0.33628364035032243,190,0.33653534376550326,190,3.0496194402126804,0.0038246585094442293,167
K188,Kandidat 188 (Jl. KH. Agus Salim #10),Jl. KH. Agus Salim,-7.091873,111.958052,8,12939,9,2,42,46,3,0.4684266848130667,110,0.4115824762799958,142,3.287827705008242,0.0041234057088347055,153
K189,Kandidat 189 (Jl. Dr. Wahidin Sudirohusodo #10),Jl. Dr. Wahidin Sudirohusodo,-6.928919,112.064675,10,8584,9,2,34,63,4,0.48230557304992255,98,0.4200122058296839,133,3.6570656842517963,0.004586482891745555,138
K190,Kandidat 190 (Jl. Hayam Wuruk #10),Jl. Hayam Wuruk,-7.096886,111.969381,9,10991,7,2,31,43,6,0.47806954142718006,101,0.43617369372987935,115,4.046794993643602,0.005075259130475605,104
K191,Kandidat 191 (Kawasan Kampus Unirow #10),Kawasan Kampus Unirow,-6.836807,112.006337,5,11573,7,1,36,57,5,0.518564694027342,68,0.42635014190114395,130,4.043023281909445,0.005070528865056583,105
K192,Kandidat 192 (Jl. Gajah Mada #10),Jl. Gajah Mada,-7.077867,112.111904,5,9853,9,9,61,60,3,0.3484511262617657,182,0.3341402771660933,193,2.3035989950442963,0.00288904227936352,187
K193,Kandidat 193 (Kawasan GOR Rangga Jaya #10),Kawasan GOR Rangga Jaya,-6.891944,112.055772,7,12454,6,32,26,38,47,0.5316487444805699,59,0.5309218040383902,62,4.658132104916984,0.005841963216218097,47
K194,Kandidat 194 (Jl. RE Martadinata #10),Jl. RE Martadinata,-6.880773,112.013586,5,11313,7,20,46,42,21,0.38824360714069533,166,0.3723300513246251,168,3.474245676844436,0.004357200481026644,147
K195,Kandidat 195 (Jl. Diponegoro #10),Jl. Diponegoro,-6.789925,111.788336,8,13145,7,2,18,48,8,0.5881303300594867,32,0.4785310362449654,79,5.089990122306217,0.006383574874151473,29
K196,Kandidat 196 (Jl. Brawijaya #10),Jl. Brawijaya,-7.109836,111.960154,6,3538,8,5,43,60,9,0.34093163387296493,187,0.38225282069233657,159,3.112449294876667,0.003903456124359421,162
K197,Kandidat 197 (Jl. Sunan Kalijaga #10),Jl. Sunan Kalijaga,-6.777909,111.7796,7,5323,5,6,28,51,14,0.3885810068740368,165,0.43513782900830666,118,3.839791659578392,0.004815647372799828,117
K198,Kandidat 198 (Jl. Teuku Umar #10),Jl. Teuku Umar,-7.077869,112.112199,8,9158,9,9,58,59,3,0.3665384250054227,175,0.3371560193523708,188,2.3894092671916924,0.0029966606212584596,183
K199,Kandidat 199 (Kawasan Manunggal #10),Kawasan Manunggal,-6.890454,112.070059,8,9946,7,2,34,37,26,0.4971618241720691,87,0.49911208729858975,77,5.486814567699666,0.006881249427184784,9
K200,Kandidat 200 (Jl. Ronggolawe #10),Jl. Ronggolawe,-6.893276,112.05213,9,9126,7,42,52,46,74,0.530547745708233,61,0.5397609971485376,59,4.235159429755405,0.005311495046981117,89
